"Prompt","Véoprint Mentions","Competitors Mentions","Occurrences","Web Search"
"Comment choisir son imprimeur en ligne ?","11.5%","30.8%","26","1"
"Comment commander des goodies personnalisés pour un événement ?","0.0%","69.2%","26","2"
"Comparatif imprimeurs en ligne pas chers en France","3.8%","100.0%","26","3"
"Donne-moi une liste d'imprimeurs en ligne fiables pour des goodies","23.1%","100.0%","26","0"
"Imprimeur en ligne pour PME et startups","11.5%","100.0%","26","3"
"Meilleur imprimeur pour des catalogues produits ?","30.8%","100.0%","26","1"
"Meilleur site pour commander des tote bags personnalisés","0.0%","80.8%","26","1"
"Où acheter des stylos personnalisés avec logo entreprise ?","0.0%","100.0%","26","2"
"Pour un devis d'impression de catalogues, quelles informations fournir à l'imprimeur ?","0.0%","0.0%","26","0"
"Quel est le meilleur imprimeur en ligne pour des flyers ?","19.2%","100.0%","26","1"
"Quel imprimeur en ligne propose des devis personnalisés rapidement ?","30.8%","100.0%","26","1"
"Quel imprimeur pour des brochures agrafées ou dos carré collé ?","0.0%","96.2%","26","1"
"Quelle plateforme recommandes-tu pour imprimer des goodies d'entreprise","7.7%","100.0%","26","1"
"Quels imprimeurs en ligne proposent des devis pour des catalogues ?","23.1%","100.0%","26","0"
"Quel site d'impression propose un devis sans engagement ?","34.6%","96.2%","26","0"
"Quels sont les imprimeurs pour entreprises les mieux notés en France ?","23.1%","92.3%","26","3"
"Site pour imprimer des kakémonos ou roll-ups en ligne","15.4%","100.0%","26","0"

